<?xml version="1.0" encoding="UTF-8"?>
<project-private xmlns="http://www.netbeans.org/ns/project-private/1">
    <editor-bookmarks xmlns="http://www.netbeans.org/ns/editor-bookmarks/2" lastBookmarkId="0"/>
    <open-files xmlns="http://www.netbeans.org/ns/projectui-open-files/2">
        <group>
            <file>file:/D:/Data%20Materi%20Kuliah/Ekstensi%20-%20S1%20Teknik%20Telekomunikasi/Semester%202/Pemrograman%20Berbasis%20Objek/Neatbeans/TubesCareit/TubesCareit/src/database/HalamanTambahPasien.java</file>
            <file>file:/D:/Data%20Materi%20Kuliah/Ekstensi%20-%20S1%20Teknik%20Telekomunikasi/Semester%202/Pemrograman%20Berbasis%20Objek/Neatbeans/TubesCareit/TubesCareit/src/database/FormHapusPasien.java</file>
            <file>file:/D:/Data%20Materi%20Kuliah/Ekstensi%20-%20S1%20Teknik%20Telekomunikasi/Semester%202/Pemrograman%20Berbasis%20Objek/Neatbeans/TubesCareit/TubesCareit/src/database/HalamanDataPasien.java</file>
            <file>file:/D:/Data%20Materi%20Kuliah/Ekstensi%20-%20S1%20Teknik%20Telekomunikasi/Semester%202/Pemrograman%20Berbasis%20Objek/Neatbeans/TubesCareit/TubesCareit/src/database/FormUpdateStatusKesehatan.java</file>
            <file>file:/D:/Data%20Materi%20Kuliah/Ekstensi%20-%20S1%20Teknik%20Telekomunikasi/Semester%202/Pemrograman%20Berbasis%20Objek/Neatbeans/TubesCareit/TubesCareit/src/database/HalamanSetelahLogin.java</file>
        </group>
    </open-files>
</project-private>
